<?xml version="1.0" encoding="UTF-8"?>
<!DOCTYPE mapper
        PUBLIC "-//mybatis.org//DTD Mapper 3.0//EN"
        "http://mybatis.org/dtd/mybatis-3-mapper.dtd">
<mapper namespace="com.liuxi.personnelmanagement.mapper.EmpcredentialsviewMapper">

    <resultMap id="BaseResultMap" type="com.liuxi.personnelmanagement.pojo.Empcredentialsview">
            <result property="id" column="id" jdbcType="INTEGER"/>
            <result property="username" column="username" jdbcType="VARCHAR"/>
            <result property="image" column="image" jdbcType="VARCHAR"/>
            <result property="password" column="password" jdbcType="VARCHAR"/>
    </resultMap>

    <sql id="Base_Column_List">
        id,username,image,password
    </sql>
    <update id="update">
        update empcredentialsview
        <set>
            <if test="username != null and username != ''">
                username = #{username},
            </if>
            <if test="password != null and password != ''">
                password = #{password},
            </if>
            <if test="image != null and image != ''">
                image = #{image},
            </if>
        </set>
        where id = #{id}
    </update>
</mapper>
