<?xml version="1.0" encoding="UTF-8" ?>
<!DOCTYPE mapper
        PUBLIC "-//mybatis.org//DTD Mapper 3.0//EN"
        "http://mybatis.org/dtd/mybatis-3-mapper.dtd">
<mapper namespace="com.liuxi.personnelmanagement.mapper.EmpMapper">

<!-- 插入员工,使用 keyProperty="id" 让 MyBatis 在插入后将数据库生成的主键值赋给该属性-->
    <insert id="insert" parameterType="com.liuxi.personnelmanagement.pojo.Emp" useGeneratedKeys="true" keyProperty="id">
        insert into emp(username, password, name,gender,marital_status, image, job, entrydate,employee_status,employee_authority,dept_id, create_time, update_time)
           values(#{username},#{password},#{name},#{gender},#{maritalStatus},#{image},#{job},#{entrydate},#{employeeStatus},#{employeeAuthority},#{deptId},#{createTime},#{updateTime})
    </insert>
    <!--更新员工-->
    <update id="update">
        update emp
        <set>
            <if test="username != null and username != ''">
                username = #{username},
            </if>
            <if test="password != null and password != ''">
                password = #{password},
            </if>
            <if test="name != null and name != ''">
                name = #{name},
            </if>
            <if test="gender != null">
                gender = #{gender},
            </if>
            <if test="maritalStatus != null">
                marital_status = #{maritalStatus},
            </if>
            <if test="employeeStatus != null">
                employee_status = #{employeeStatus},
            </if>
            <if test="employeeAuthority != null">
                employee_authority = #{employeeAuthority},
            </if>
            <if test="image != null and image != ''">
                image = #{image},
            </if>
            <if test="job != null">
                job = #{job},
            </if>
            <if test="entrydate != null">
                entrydate = #{entrydate},
            </if>
            <if test="deptId != null">
                dept_id = #{deptId},
            </if>
            <if test="updateTime != null">
                update_time = #{updateTime}
            </if>
        </set>
        where id = #{id}
    </update>

    <!--批量删除员工 (1, 2, 3)-->
    <delete id="delete">
        delete
        from emp
        where id in
        <foreach collection="ids" item="id" separator="," open="(" close=")">
            #{id}
        </foreach>
    </delete>

    <!--条件查询-->
    <select id="list" resultType="com.liuxi.personnelmanagement.pojo.Emp">
        select e.*,d.name as deptName
        from emp e JOIN dept d ON d.id = e.dept_id
        <where>
          <if test="name != null and name != ''">
              e.name like concat('%', #{name}, '%')
          </if>
          <if test="gender != null">
              and gender = #{gender}
          </if>
          <if test="job != null" >
            and job = #{job}
          </if>
          <if test="deptId != null">
            and dept_id = #{deptId}
          </if>
          <if test="maritalStatus != null" >
            and marital_status = #{maritalStatus}
          </if>
          <if test="employeeStatus!= null">
            and employee_status = #{employeeStatus}
          </if>
            <if test="begin != null and end != null">
              and entrydate between #{begin} and #{end}
          </if>
        </where>
        order by update_time desc
    </select>

</mapper>
