<?xml version="1.0" encoding="UTF-8" ?>
<!DOCTYPE mapper
        PUBLIC "-//mybatis.org//DTD Mapper 3.0//EN"
        "http://mybatis.org/dtd/mybatis-3-mapper.dtd">
<mapper namespace="com.liuxi.personnelmanagement.mapper.SalaryMapper">
<!--    薪资插入-->
    <insert id="save">
        insert into salary(emp_id,basic_salary,create_time,update_time)
        values(#{empId},#{basicSalary},#{createTime},#{updateTime})
    </insert>
    <!--    薪资调整-->
    <update id="updateById">
        update salary
        <set>
            <if test="basicSalary != null">
               basic_salary = #{basicSalary},
            </if>
            <if test="meritSalary != null">
                merit_salary = #{meritSalary},
            </if>
            <if test="bonusSalary != null">
                bonus_salary = #{bonusSalary},
            </if>
            <if test="subsidySalary != null">
                subsidy_salary = #{subsidySalary},
            </if>
            <if test="updateTime != null">
                update_time = #{updateTime}
            </if>
        </set>
        where id = #{id}
    </update>



    <select id="list" resultType="com.liuxi.personnelmanagement.pojo.Salary">
        select s.*, e.name, e.gender, e.image, e.job,
        (s.basic_salary + s.merit_salary + s.bonus_salary + s.subsidy_salary) as total_salary
        from salary s JOIN emp e ON e.id = s.emp_id
        <where>
            <if test="name != null and name != ''">
                and e.name like concat('%', #{name}, '%')
            </if>
            <if test="gender != null">
                and e.gender = #{gender}
            </if>
            <if test="totalSalary != null">
                having total_salary = #{totalSalary}
            </if>
        </where>
        order by update_time desc
    </select>

</mapper>
